-- Expand peptide catalog (~15 singles + 1 blend)

insert into peptides (id, name, slug, category, aliases, description) values
  ('a1000001-0000-4000-8000-000000000007', 'GHRP-6', 'ghrp-6', 'single', '{}', 'Growth hormone releasing peptide.'),
  ('a1000001-0000-4000-8000-000000000008', 'GHRP-2', 'ghrp-2', 'single', '{}', 'Growth hormone releasing peptide.'),
  ('a1000001-0000-4000-8000-000000000009', 'Sermorelin', 'sermorelin', 'single', '{}', 'GHRH analog peptide.'),
  ('a1000001-0000-4000-8000-00000000000a', 'GHK-Cu', 'ghk-cu', 'single', array['Copper peptide'], 'Copper peptide for skin and tissue research.'),
  ('a1000001-0000-4000-8000-00000000000b', 'AOD-9604', 'aod-9604', 'single', '{}', 'HGH fragment peptide.'),
  ('a1000001-0000-4000-8000-00000000000c', 'Epitalon', 'epitalon', 'single', array['Epithalon'], 'Tetrapeptide studied for telomere research.'),
  ('a1000001-0000-4000-8000-00000000000d', 'MOTS-c', 'mots-c', 'single', '{}', 'Mitochondrial-derived peptide.'),
  ('a1000001-0000-4000-8000-00000000000e', 'Semaglutide', 'semaglutide', 'single', array['GLP-1'], 'GLP-1 receptor agonist peptide.'),
  ('a1000001-0000-4000-8000-00000000000f', 'Tirzepatide', 'tirzepatide', 'single', array['GLP-2'], 'Dual GIP/GLP-1 agonist peptide.'),
  ('a1000001-0000-4000-8000-000000000010', 'Retatrutide', 'retatrutide', 'single', array['GLP-3'], 'Triple agonist peptide.'),
  ('a1000001-0000-4000-8000-000000000011', 'Melanotan II', 'melanotan-ii', 'single', array['MT-2'], 'Melanocortin receptor agonist.'),
  ('a1000001-0000-4000-8000-000000000012', 'PT-141', 'pt-141', 'single', array['Bremelanotide'], 'Melanocortin receptor agonist.'),
  ('a1000001-0000-4000-8000-000000000013', 'Selank', 'selank', 'single', '{}', 'Anxiolytic peptide analog.'),
  ('a1000001-0000-4000-8000-000000000014', 'Semax', 'semax', 'single', '{}', 'Nootropic peptide analog.'),
  ('a1000001-0000-4000-8000-000000000015', 'DSIP', 'dsip', 'single', array['Delta sleep-inducing peptide'], 'Neuropeptide studied for sleep research.'),
  ('a1000001-0000-4000-8000-000000000016', 'CJC-1295 (with DAC)', 'cjc-1295-dac', 'single', '{}', 'Long-acting GHRH analog with Drug Affinity Complex.'),
  ('a1000001-0000-4000-8000-000000000017', 'Hexarelin', 'hexarelin', 'single', '{}', 'Growth hormone secretagogue peptide.'),
  ('a1000001-0000-4000-8000-000000000018', 'BPC-157 / TB-500 Blend', 'bpc-tb-blend', 'blend', array['Wolverine stack'], 'Healing stack combining BPC-157 and TB-500.')
on conflict (slug) do update set
  name = excluded.name,
  category = excluded.category,
  aliases = excluded.aliases,
  description = excluded.description;

insert into blend_components (id, blend_id, component_id, mg) values
  ('b2000001-0000-4000-8000-000000000003', 'a1000001-0000-4000-8000-000000000018', 'a1000001-0000-4000-8000-000000000001', 5),
  ('b2000001-0000-4000-8000-000000000004', 'a1000001-0000-4000-8000-000000000018', 'a1000001-0000-4000-8000-000000000002', 5)
on conflict (id) do nothing;

insert into doses (id, peptide_id, mg, label) values
  ('d3000001-0000-4000-8000-000000000011', 'a1000001-0000-4000-8000-000000000007', 5, null),
  ('d3000001-0000-4000-8000-000000000012', 'a1000001-0000-4000-8000-000000000007', 10, null),
  ('d3000001-0000-4000-8000-000000000013', 'a1000001-0000-4000-8000-000000000008', 5, null),
  ('d3000001-0000-4000-8000-000000000014', 'a1000001-0000-4000-8000-000000000008', 10, null),
  ('d3000001-0000-4000-8000-000000000015', 'a1000001-0000-4000-8000-000000000009', 5, null),
  ('d3000001-0000-4000-8000-000000000016', 'a1000001-0000-4000-8000-000000000009', 10, null),
  ('d3000001-0000-4000-8000-000000000017', 'a1000001-0000-4000-8000-00000000000a', 50, null),
  ('d3000001-0000-4000-8000-000000000018', 'a1000001-0000-4000-8000-00000000000a', 100, null),
  ('d3000001-0000-4000-8000-000000000019', 'a1000001-0000-4000-8000-00000000000b', 5, null),
  ('d3000001-0000-4000-8000-00000000001a', 'a1000001-0000-4000-8000-00000000000c', 10, null),
  ('d3000001-0000-4000-8000-00000000001b', 'a1000001-0000-4000-8000-00000000000c', 25, null),
  ('d3000001-0000-4000-8000-00000000001c', 'a1000001-0000-4000-8000-00000000000d', 10, null),
  ('d3000001-0000-4000-8000-00000000001d', 'a1000001-0000-4000-8000-00000000000e', 5, null),
  ('d3000001-0000-4000-8000-00000000001e', 'a1000001-0000-4000-8000-00000000000e', 10, null),
  ('d3000001-0000-4000-8000-00000000001f', 'a1000001-0000-4000-8000-00000000000f', 5, null),
  ('d3000001-0000-4000-8000-000000000020', 'a1000001-0000-4000-8000-00000000000f', 10, null),
  ('d3000001-0000-4000-8000-000000000021', 'a1000001-0000-4000-8000-00000000000f', 30, null),
  ('d3000001-0000-4000-8000-000000000022', 'a1000001-0000-4000-8000-000000000010', 5, null),
  ('d3000001-0000-4000-8000-000000000023', 'a1000001-0000-4000-8000-000000000010', 10, null),
  ('d3000001-0000-4000-8000-000000000024', 'a1000001-0000-4000-8000-000000000011', 10, null),
  ('d3000001-0000-4000-8000-000000000025', 'a1000001-0000-4000-8000-000000000012', 10, null),
  ('d3000001-0000-4000-8000-000000000026', 'a1000001-0000-4000-8000-000000000013', 5, null),
  ('d3000001-0000-4000-8000-000000000027', 'a1000001-0000-4000-8000-000000000013', 10, null),
  ('d3000001-0000-4000-8000-000000000028', 'a1000001-0000-4000-8000-000000000014', 5, null),
  ('d3000001-0000-4000-8000-000000000029', 'a1000001-0000-4000-8000-000000000014', 25, null),
  ('d3000001-0000-4000-8000-00000000002a', 'a1000001-0000-4000-8000-000000000015', 5, null),
  ('d3000001-0000-4000-8000-00000000002b', 'a1000001-0000-4000-8000-000000000016', 2, null),
  ('d3000001-0000-4000-8000-00000000002c', 'a1000001-0000-4000-8000-000000000016', 5, null),
  ('d3000001-0000-4000-8000-00000000002d', 'a1000001-0000-4000-8000-000000000017', 5, null),
  ('d3000001-0000-4000-8000-00000000002e', 'a1000001-0000-4000-8000-000000000018', 10, '5mg/5mg vial')
on conflict (id) do nothing;
